{
  "model": "SVM",
  "databases": [
    "MIT-BIH (44 records, paced excluded)",
    "MIT-BIH Supraventricular (78 records)"
  ],
  "classes": [
    "N",
    "S",
    "V"
  ],
  "test_size": 0.2,
  "seed": 42,
  "best_params": {
    "C": 10,
    "gamma": "scale",
    "kernel": "rbf"
  },
  "accuracy": 0.8473461980073336,
  "macro_f1": 0.5581530726270986,
  "weighted_f1": 0.875776003509276,
  "per_class": {
    "N": {
      "precision": 0.9863906282492664,
      "recall": 0.8653086044390392,
      "f1": 0.9218908588334377,
      "support": 49335
    },
    "S": {
      "precision": 0.24465485644471593,
      "recall": 0.4128865979381443,
      "f1": 0.30724971231300346,
      "support": 1940
    },
    "V": {
      "precision": 0.3040967092008059,
      "recall": 0.8314359162688212,
      "f1": 0.44531864673485444,
      "support": 2723
    }
  },
  "confusion_matrix": [
    [
      42690,
      2295,
      4350
    ],
    [
      308,
      801,
      831
    ],
    [
      281,
      178,
      2264
    ]
  ],
  "n_train": 230307,
  "n_train_balanced": 150000,
  "n_test": 53998,
  "split_strategy": "patient-wise per database",
  "n_train_records": 97,
  "n_test_records": 25,
  "train_records": [
    "mitdb_100",
    "mitdb_101",
    "mitdb_103",
    "mitdb_105",
    "mitdb_108",
    "mitdb_109",
    "mitdb_111",
    "mitdb_113",
    "mitdb_114",
    "mitdb_115",
    "mitdb_117",
    "mitdb_118",
    "mitdb_119",
    "mitdb_121",
    "mitdb_122",
    "mitdb_123",
    "mitdb_124",
    "mitdb_200",
    "mitdb_201",
    "mitdb_202",
    "mitdb_203",
    "mitdb_208",
    "mitdb_209",
    "mitdb_210",
    "mitdb_212",
    "mitdb_213",
    "mitdb_214",
    "mitdb_215",
    "mitdb_219",
    "mitdb_221",
    "mitdb_228",
    "mitdb_230",
    "mitdb_232",
    "mitdb_233",
    "mitdb_234",
    "svdb_801",
    "svdb_802",
    "svdb_803",
    "svdb_805",
    "svdb_806",
    "svdb_807",
    "svdb_808",
    "svdb_809",
    "svdb_811",
    "svdb_820",
    "svdb_821",
    "svdb_822",
    "svdb_823",
    "svdb_824",
    "svdb_826",
    "svdb_827",
    "svdb_828",
    "svdb_840",
    "svdb_841",
    "svdb_842",
    "svdb_843",
    "svdb_844",
    "svdb_845",
    "svdb_846",
    "svdb_848",
    "svdb_849",
    "svdb_852",
    "svdb_853",
    "svdb_854",
    "svdb_855",
    "svdb_856",
    "svdb_857",
    "svdb_858",
    "svdb_859",
    "svdb_860",
    "svdb_862",
    "svdb_863",
    "svdb_864",
    "svdb_865",
    "svdb_867",
    "svdb_868",
    "svdb_869",
    "svdb_870",
    "svdb_872",
    "svdb_873",
    "svdb_874",
    "svdb_875",
    "svdb_876",
    "svdb_877",
    "svdb_879",
    "svdb_880",
    "svdb_881",
    "svdb_882",
    "svdb_884",
    "svdb_885",
    "svdb_886",
    "svdb_887",
    "svdb_888",
    "svdb_890",
    "svdb_891",
    "svdb_892",
    "svdb_893"
  ],
  "test_records": [
    "mitdb_106",
    "mitdb_112",
    "mitdb_116",
    "mitdb_205",
    "mitdb_207",
    "mitdb_220",
    "mitdb_222",
    "mitdb_223",
    "mitdb_231",
    "svdb_800",
    "svdb_804",
    "svdb_810",
    "svdb_812",
    "svdb_825",
    "svdb_829",
    "svdb_847",
    "svdb_850",
    "svdb_851",
    "svdb_861",
    "svdb_866",
    "svdb_871",
    "svdb_878",
    "svdb_883",
    "svdb_889",
    "svdb_894"
  ],
  "timings_seconds": {
    "load_mitdb": 1.8461447000154294,
    "load_svdb": 9.950078500027303,
    "data_loading_total": 11.800734799995553,
    "preprocessing": 0.47215639997739345,
    "feature_extraction": 81.30298520001816,
    "scaling_pca": 0.14004689996363595,
    "smoteenn": 47.48898860003101,
    "gridsearch_svm": 1237.344429299992,
    "final_training": 196.47895590000553,
    "prediction_total": 121.73801299999468,
    "single_beat_latency_ms": 2.478406299953349
  },
  "total_training_time_seconds": 1575.0282970999833,
  "total_training_time_hms": "00:26:15",
  "avg_prediction_latency_ms_batch": 2.254491147820191,
  "single_beat_latency_ms": 2.478406299953349
}